{
  "colores":{
    "p1" : "rgb(255, 255, 255)",
    "p2" : "rgb(255, 100, 50)",
    "p3" : "rgb(50, 255, 100)",
    "p4" : "rgb(150, 255, 100)",
    "p5" : "rgb(100, 255, 150)",
    "p6" : "rgb(150, 255, 255)",
    "p7" : "rgb(255, 255, 150)"
  },
  "videos":{
    "p1" : "https://media.giphy.com/media/3rKFa40trnZoPzFnj2/giphy.mp4",
    "p2" : "",
    "p3" : "",
    "p4" : "",
    "p5" : "",
    "p6" : "",
    "p7" : ""
  },

  "audios":{
    "p1" : "audios/miSonido.mp3",
    "p2" : "audios/miSonido.mp3",
    "p3" : "audios/miSonido.mp3",
    "p4" : "audios/miSonido.mp3",
    "p5" : "audios/miSonido.mp3",
    "p6" : "audios/miSonido.mp3",
    "p7" : "audios/miSonido.mp3"

  }
}
